{"cameraMode":{"drawMode":0,"name":"Shaded","section":"Shading Mode"},"sceneLighting":false,"audioPlay":false,"sceneViewState":{"showFog":true,"showMaterialUpdate":true,"showSkybox":true,"showFlares":true,"showImageEffects":true,"showParticleSystems":true},"in2DMode":false,"pivot":{"x":-1.8619558811187745,"y":-0.28686201572418215,"z":0.8612217903137207},"rotation":{"x":0.04045157507061958,"y":0.0434531569480896,"z":-0.0017579692648723722,"w":0.9982541799545288},"size":10.0,"orthographic":false}